{
  "id": "1679580",
  "name": "H5-嘉兴公众号",
  "font_family": "iconfont",
  "css_prefix_text": "icon-",
  "description": "",
  "glyphs": [
    {
      "icon_id": "4924572",
      "name": "派送",
      "font_class": "paisong",
      "unicode": "e60b",
      "unicode_decimal": 58891
    },
    {
      "icon_id": "1236929",
      "name": "微信好友",
      "font_class": "iconfontzhizuobiaozhunbduan32",
      "unicode": "e6e6",
      "unicode_decimal": 59110
    },
    {
      "icon_id": "1409633",
      "name": "7确认-正确",
      "font_class": "queren-zhengque",
      "unicode": "e608",
      "unicode_decimal": 58888
    },
    {
      "icon_id": "354573",
      "name": "评价",
      "font_class": "iconfontevaluate",
      "unicode": "e621",
      "unicode_decimal": 58913
    },
    {
      "icon_id": "902058",
      "name": "分享 (3)",
      "font_class": "fenxiang3",
      "unicode": "e63f",
      "unicode_decimal": 58943
    },
    {
      "icon_id": "4251765",
      "name": "完成",
      "font_class": "wancheng",
      "unicode": "e650",
      "unicode_decimal": 58960
    },
    {
      "icon_id": "6290198",
      "name": "功能_成功",
      "font_class": "gongneng_chenggong",
      "unicode": "e625",
      "unicode_decimal": 58917
    },
    {
      "icon_id": "6290214",
      "name": "功能_错误",
      "font_class": "gongneng_cuowu",
      "unicode": "e626",
      "unicode_decimal": 58918
    },
    {
      "icon_id": "7760952",
      "name": "处理",
      "font_class": "chuli",
      "unicode": "e607",
      "unicode_decimal": 58887
    },
    {
      "icon_id": "9186713",
      "name": "朋友圈",
      "font_class": "pengyouquan",
      "unicode": "e667",
      "unicode_decimal": 58983
    },
    {
      "icon_id": "9186714",
      "name": "QQ",
      "font_class": "QQ",
      "unicode": "e668",
      "unicode_decimal": 58984
    },
    {
      "icon_id": "9874508",
      "name": "KHCFDC_链接 2",
      "font_class": "lianjie",
      "unicode": "e6d3",
      "unicode_decimal": 59091
    }
  ]
}
